timestamp,unit_id,unit_type,empire_or_resistance,location_x,location_y,destination_x,destination_y,homeworld
2024-02-06 19:18:50,1,at-at,resistance,7,3,4,1,Quermia
2024-02-06 19:18:49,2,unknown,empire,7,4,10,4,Ryloth
2024-02-06 19:18:48,3,unknown,empire,6,1,1,8,Muunilinst
2024-02-06 19:18:47,4,at-st,resistance,8,8,6,8,Kashyyyk
2024-02-06 19:18:46,5,x-wing,empire,3,4,2,2,Dagobah
2024-02-06 19:18:45,6,stormtrooper,empire,9,5,10,8,Serenno
2024-02-06 19:18:44,7,tie_fighter,empire,2,8,3,9,Corellia
2024-02-06 19:18:43,8,at-at,resistance,6,2,3,2,Alderaan
2024-02-06 19:18:42,9,tie_fighter,resistance,4,7,5,8,Toydaria
2024-02-06 19:18:41,10,resistance_soldier,empire,9,3,4,2,Muunilinst
2024-02-06 19:18:40,11,tie_silencer,empire,6,1,3,5,Aleen Minor
2024-02-06 19:18:39,12,stormtrooper,resistance,6,10,5,4,Ryloth
2024-02-06 19:18:38,13,tie_fighter,resistance,3,6,1,4,Glee Anselm
2024-02-06 19:18:37,14,unknown,empire,8,6,7,10,Zolan
2024-02-06 19:18:36,15,stormtrooper,resistance,1,10,3,2,Tund
2024-02-06 19:18:35,16,at-st,empire,5,5,6,9,Cerea
2024-02-06 19:18:34,17,at-st,empire,3,3,7,4,Trandosha
2024-02-06 19:18:33,18,tie_silencer,resistance,10,8,6,10,Chandrila
2024-02-06 19:18:32,19,stormtrooper,empire,8,9,2,4,Concord Dawn
2024-02-06 19:18:31,20,x-wing,empire,6,3,6,5,Umbara
2024-02-06 19:18:30,21,at-at,empire,8,3,4,10,Dathomir
2024-02-06 19:18:29,22,stormtrooper,resistance,10,10,3,10,Troiken
2024-02-06 19:18:28,23,x-wing,empire,8,6,5,3,Mirial
2024-02-06 19:18:27,24,x-wing,empire,1,4,4,5,Haruun Kal
2024-02-06 19:18:26,25,at-at,empire,9,5,9,5,Eriadu
2024-02-06 19:18:25,26,resistance_soldier,resistance,3,5,6,9,Tatooine
2024-02-06 19:18:24,27,unknown,resistance,3,8,1,3,Chandrila
2024-02-06 19:18:23,28,unknown,resistance,2,1,8,4,Kalee
2024-02-06 19:18:22,29,x-wing,empire,4,6,6,1,Corellia
2024-02-06 19:18:21,30,resistance_soldier,resistance,7,7,7,7,Ojom
2024-02-06 19:18:20,31,tie_fighter,resistance,4,10,10,4,Troiken
2024-02-06 19:18:19,32,at-st,empire,1,5,8,4,Trandosha
2024-02-06 19:18:18,33,at-st,resistance,6,1,4,3,Haruun Kal
2024-02-06 19:18:17,34,unknown,empire,1,10,9,4,Serenno
2024-02-06 19:18:16,35,at-st,empire,5,1,3,2,Muunilinst
2024-02-06 19:18:15,36,tie_silencer,empire,2,9,3,9,Serenno
2024-02-06 19:18:14,37,tie_fighter,empire,2,5,4,7,Troiken
2024-02-06 19:18:13,38,tie_fighter,resistance,3,1,1,8,Ojom
2024-02-06 19:18:12,39,resistance_soldier,empire,4,7,8,1,Tatooine
2024-02-06 19:18:11,40,unknown,resistance,6,2,9,10,Ryloth
2024-02-06 19:18:10,41,tie_silencer,resistance,7,8,6,5,Naboo
2024-02-06 19:18:09,42,unknown,resistance,3,4,3,6,Socorro
2024-02-06 19:18:08,43,tie_fighter,resistance,10,2,4,9,Alderaan
2024-02-06 19:18:07,44,tie_fighter,empire,9,7,6,10,Iridonia
2024-02-06 19:18:06,45,x-wing,empire,9,8,8,2,Tholoth
2024-02-06 19:18:05,46,tie_silencer,resistance,8,1,3,3,Naboo
2024-02-06 19:18:04,47,tie_silencer,resistance,5,3,9,2,Ryloth
2024-02-06 19:18:03,48,x-wing,empire,10,10,8,10,Zolan
2024-02-06 19:18:02,49,x-wing,empire,3,7,10,2,Serenno
2024-02-06 19:18:01,50,unknown,empire,6,8,6,10,Corellia
2024-02-06 19:18:00,51,x-wing,resistance,8,6,6,2,Chandrila
2024-02-06 19:17:59,52,resistance_soldier,empire,3,1,4,10,Tund
2024-02-06 19:17:58,53,at-at,empire,6,7,6,5,Dagobah
2024-02-06 19:17:57,54,at-st,empire,2,8,1,2,Tholoth
2024-02-06 19:17:56,55,stormtrooper,resistance,4,7,8,1,Troiken
2024-02-06 19:17:55,56,resistance_soldier,resistance,2,9,4,10,Bestine IV
2024-02-06 19:17:54,57,at-st,resistance,6,5,5,9,Ryloth
2024-02-06 19:17:53,58,stormtrooper,empire,7,6,4,7,Tatooine
2024-02-06 19:17:52,59,tie_fighter,empire,9,8,5,10,Tholoth
2024-02-06 19:17:51,60,at-st,resistance,5,7,8,7,Naboo
2024-02-06 19:17:50,61,at-st,resistance,1,10,10,6,Cerea
2024-02-06 19:17:49,62,tie_fighter,empire,6,4,1,8,Tund
2024-02-06 19:17:48,63,at-st,resistance,2,3,9,7,Aleen Minor
2024-02-06 19:17:47,64,x-wing,empire,9,3,2,10,Aleen Minor
2024-02-06 19:17:46,65,resistance_soldier,resistance,7,10,8,3,Shili
2024-02-06 19:17:45,66,at-at,empire,9,9,7,7,Dorin
2024-02-06 19:17:44,67,unknown,empire,3,8,9,4,Ojom
2024-02-06 19:17:43,68,at-st,empire,5,2,10,7,Mirial
2024-02-06 19:17:42,69,x-wing,empire,4,3,3,3,Dorin
2024-02-06 19:17:41,70,unknown,empire,4,3,5,5,Aleen Minor
2024-02-06 19:17:40,71,resistance_soldier,resistance,5,6,3,5,Naboo
2024-02-06 19:17:39,72,unknown,empire,8,6,5,9,Tund
2024-02-06 19:17:38,73,resistance_soldier,empire,7,2,5,9,Aleen Minor
2024-02-06 19:17:37,74,tie_fighter,resistance,10,10,2,5,Vulpter
2024-02-06 19:17:36,75,at-st,empire,7,7,4,9,Dagobah
2024-02-06 19:17:35,76,tie_silencer,resistance,8,9,8,5,Chandrila
2024-02-06 19:17:34,77,resistance_soldier,empire,2,2,1,10,Quermia
2024-02-06 19:17:33,78,resistance_soldier,empire,2,2,5,4,Glee Anselm
2024-02-06 19:17:32,79,x-wing,empire,2,4,9,7,Troiken
2024-02-06 19:17:31,80,x-wing,empire,8,6,3,1,Ojom
2024-02-06 19:17:30,81,tie_silencer,resistance,2,6,8,10,Alderaan
2024-02-06 19:17:29,82,at-st,resistance,8,9,7,7,Umbara
2024-02-06 19:17:28,83,resistance_soldier,empire,6,8,10,2,Quermia
2024-02-06 19:17:27,84,resistance_soldier,empire,2,5,7,1,Umbara
2024-02-06 19:17:26,85,stormtrooper,empire,2,1,10,5,Tholoth
2024-02-06 19:17:25,86,resistance_soldier,empire,6,1,4,9,Rodia
2024-02-06 19:17:24,87,x-wing,resistance,8,9,4,6,Sullust
2024-02-06 19:17:23,88,at-st,empire,1,7,9,5,Zolan
2024-02-06 19:17:22,89,resistance_soldier,resistance,2,2,7,8,Champala
2024-02-06 19:17:21,90,at-st,empire,3,10,9,3,Zolan
2024-02-06 19:17:20,91,tie_fighter,resistance,6,2,6,3,Toydaria
2024-02-06 19:17:19,92,tie_fighter,empire,3,10,10,7,Skako
2024-02-06 19:17:18,93,tie_silencer,resistance,5,2,6,7,Socorro
2024-02-06 19:17:17,94,at-at,empire,3,6,10,2,Trandosha
2024-02-06 19:17:16,95,x-wing,resistance,6,8,9,6,Bestine IV
2024-02-06 19:17:15,96,tie_fighter,resistance,8,10,7,6,Troiken
2024-02-06 19:17:14,97,tie_silencer,empire,2,4,10,10,Muunilinst
2024-02-06 19:17:13,98,at-st,resistance,10,1,4,9,Champala
2024-02-06 19:17:12,99,at-at,resistance,3,6,2,8,Socorro
2024-02-06 19:17:11,100,at-at,empire,5,5,4,7,Rodia
2024-02-06 19:17:10,101,at-st,resistance,3,7,7,5,Umbara
2024-02-06 19:17:09,102,at-st,empire,2,5,5,2,Naboo
2024-02-06 19:17:08,103,tie_fighter,resistance,8,9,1,7,Alderaan
2024-02-06 19:17:07,104,at-st,resistance,5,3,2,2,Tatooine
2024-02-06 19:17:06,105,resistance_soldier,resistance,6,5,8,2,Dathomir
2024-02-06 19:17:05,106,x-wing,empire,2,10,9,5,Eriadu
2024-02-06 19:17:04,107,tie_fighter,resistance,5,6,2,4,Glee Anselm
2024-02-06 19:17:03,108,at-st,empire,4,8,1,7,Glee Anselm
2024-02-06 19:17:02,109,at-st,resistance,3,6,10,10,Iktotch
2024-02-06 19:17:01,110,tie_silencer,resistance,4,2,6,4,Naboo
2024-02-06 19:17:00,111,resistance_soldier,empire,1,9,5,4,Dagobah
2024-02-06 19:16:59,112,unknown,empire,2,3,6,3,Malastare
2024-02-06 19:16:58,113,x-wing,empire,8,2,1,2,Tund
2024-02-06 19:16:57,114,at-st,resistance,8,6,8,2,Cerea
2024-02-06 19:16:56,115,resistance_soldier,empire,6,2,10,7,Dathomir
2024-02-06 19:16:55,116,at-st,resistance,10,5,10,6,Stewjon
2024-02-06 19:16:54,117,stormtrooper,resistance,5,7,1,3,Shili
2024-02-06 19:16:53,118,tie_fighter,resistance,2,9,6,3,Shili
2024-02-06 19:16:52,119,unknown,resistance,9,9,5,10,Bestine IV
2024-02-06 19:16:51,120,stormtrooper,empire,8,10,4,10,Skako
2024-02-06 19:16:50,121,stormtrooper,resistance,9,4,8,5,Mirial
2024-02-06 19:16:49,122,resistance_soldier,resistance,1,8,6,5,Ojom
2024-02-06 19:16:48,123,at-at,resistance,8,8,10,10,Sullust
2024-02-06 19:16:47,124,resistance_soldier,empire,3,1,6,6,Dorin
2024-02-06 19:16:46,125,at-st,empire,1,7,5,3,Dagobah
2024-02-06 19:16:45,126,resistance_soldier,empire,8,9,8,4,Dathomir
2024-02-06 19:16:44,127,tie_fighter,empire,1,6,5,5,Rodia
2024-02-06 19:16:43,128,stormtrooper,resistance,2,8,10,4,Troiken
2024-02-06 19:16:42,129,resistance_soldier,empire,3,7,6,10,Dorin
2024-02-06 19:16:41,130,at-st,resistance,6,2,6,5,Sullust
2024-02-06 19:16:40,131,tie_fighter,resistance,1,7,3,2,Sullust
2024-02-06 19:16:39,132,tie_silencer,resistance,9,8,9,7,Naboo
2024-02-06 19:16:38,133,resistance_soldier,resistance,3,1,1,2,Kashyyyk
2024-02-06 19:16:37,134,tie_fighter,empire,5,3,5,4,Skako
2024-02-06 19:16:36,135,at-at,empire,8,7,7,7,Champala
2024-02-06 19:16:35,136,stormtrooper,resistance,8,4,5,8,Shili
2024-02-06 19:16:34,137,unknown,empire,5,10,3,6,Muunilinst
2024-02-06 19:16:33,138,at-at,empire,1,4,9,5,Concord Dawn
2024-02-06 19:16:32,139,stormtrooper,empire,8,3,9,2,Dathomir
2024-02-06 19:16:31,140,x-wing,empire,1,9,5,6,Stewjon
2024-02-06 19:16:30,141,tie_fighter,resistance,9,3,1,1,Mirial
2024-02-06 19:16:29,142,stormtrooper,empire,8,1,7,8,Ojom
2024-02-06 19:16:28,143,unknown,resistance,8,4,7,4,Kashyyyk
2024-02-06 19:16:27,144,unknown,empire,10,4,3,4,Ojom
2024-02-06 19:16:26,145,resistance_soldier,empire,9,6,5,3,Socorro
2024-02-06 19:16:25,146,stormtrooper,empire,9,10,4,3,Skako
2024-02-06 19:16:24,147,tie_silencer,resistance,10,6,7,10,Tatooine
2024-02-06 19:16:23,148,x-wing,empire,9,8,3,10,Stewjon
2024-02-06 19:16:22,149,stormtrooper,empire,6,4,2,9,Serenno
2024-02-06 19:16:21,150,stormtrooper,resistance,3,4,7,6,Mon Cala
2024-02-06 19:16:20,151,stormtrooper,resistance,4,5,8,8,Socorro
2024-02-06 19:16:19,152,at-st,resistance,7,7,10,6,Stewjon
2024-02-06 19:16:18,153,tie_fighter,resistance,7,6,4,9,Iridonia
2024-02-06 19:16:17,154,unknown,resistance,2,5,5,4,Iktotch
2024-02-06 19:16:16,155,x-wing,resistance,10,8,5,9,Umbara
2024-02-06 19:16:15,156,resistance_soldier,resistance,9,1,6,7,Corellia
2024-02-06 19:16:14,157,at-at,resistance,5,5,6,1,Toydaria
2024-02-06 19:16:13,158,stormtrooper,empire,2,6,6,3,Tund
2024-02-06 19:16:12,159,x-wing,resistance,5,2,3,4,Shili
2024-02-06 19:16:11,160,resistance_soldier,empire,9,5,5,5,Cerea
2024-02-06 19:16:10,161,unknown,resistance,1,6,6,9,Kalee
2024-02-06 19:16:09,162,at-st,resistance,4,4,8,8,Sullust
2024-02-06 19:16:08,163,resistance_soldier,resistance,2,5,3,9,Shili
2024-02-06 19:16:07,164,tie_fighter,resistance,8,8,8,2,Quermia
2024-02-06 19:16:06,165,tie_silencer,resistance,2,8,4,7,Iktotch
2024-02-06 19:16:05,166,at-at,resistance,2,1,9,2,Dathomir
2024-02-06 19:16:04,167,unknown,resistance,5,10,9,7,Alderaan
2024-02-06 19:16:03,168,stormtrooper,empire,4,6,3,9,Malastare
2024-02-06 19:16:02,169,tie_fighter,resistance,2,6,8,4,Rodia
2024-02-06 19:16:01,170,resistance_soldier,resistance,8,10,3,6,Vulpter
2024-02-06 19:16:00,171,tie_fighter,empire,8,7,3,3,Tholoth
2024-02-06 19:15:59,172,tie_fighter,empire,5,2,7,1,Mirial
2024-02-06 19:15:58,173,at-st,empire,7,5,3,5,Bestine IV
2024-02-06 19:15:57,174,resistance_soldier,resistance,5,1,10,4,Trandosha
2024-02-06 19:15:56,175,tie_silencer,empire,3,6,6,2,Corellia
2024-02-06 19:15:55,176,resistance_soldier,empire,6,5,10,2,Ojom
2024-02-06 19:15:54,177,tie_fighter,empire,7,10,8,6,Corellia
2024-02-06 19:15:53,178,resistance_soldier,resistance,8,2,5,4,Iktotch
2024-02-06 19:15:52,179,x-wing,resistance,10,9,1,6,Skako
2024-02-06 19:15:51,180,at-st,empire,2,4,3,5,Glee Anselm
2024-02-06 19:15:50,181,stormtrooper,empire,9,2,3,10,Vulpter
2024-02-06 19:15:49,182,stormtrooper,empire,6,5,1,9,Mirial
2024-02-06 19:15:48,183,stormtrooper,resistance,3,9,3,5,Mon Cala
2024-02-06 19:15:47,184,tie_silencer,empire,9,7,10,6,Iridonia
2024-02-06 19:15:46,185,tie_fighter,resistance,10,9,10,9,Tholoth
2024-02-06 19:15:45,186,stormtrooper,empire,4,3,8,5,Haruun Kal
2024-02-06 19:15:44,187,x-wing,empire,6,6,6,8,Corellia
2024-02-06 19:15:43,188,resistance_soldier,empire,8,8,6,3,Mirial
2024-02-06 19:15:42,189,stormtrooper,empire,3,6,8,5,Tholoth
2024-02-06 19:15:41,190,stormtrooper,resistance,6,2,6,9,Ryloth
2024-02-06 19:15:40,191,tie_fighter,empire,8,5,9,7,Mirial
2024-02-06 19:15:39,192,tie_silencer,resistance,10,9,8,2,Champala
2024-02-06 19:15:38,193,stormtrooper,resistance,6,2,6,4,Troiken
2024-02-06 19:15:37,194,tie_silencer,empire,7,1,5,5,Trandosha
2024-02-06 19:15:36,195,tie_fighter,resistance,7,9,2,5,Ryloth
2024-02-06 19:15:35,196,resistance_soldier,resistance,1,8,1,3,Serenno
2024-02-06 19:15:34,197,resistance_soldier,resistance,10,2,2,4,Haruun Kal
2024-02-06 19:15:33,198,unknown,empire,2,4,2,6,Skako
2024-02-06 19:15:32,199,tie_silencer,empire,5,8,8,5,Dathomir
2024-02-06 19:15:31,200,tie_fighter,resistance,5,2,2,3,Dorin
2024-02-06 19:15:30,201,at-at,empire,4,5,3,2,Corellia
2024-02-06 19:15:29,202,unknown,empire,7,8,5,10,Bestine IV
2024-02-06 19:15:28,203,tie_silencer,resistance,6,4,10,8,Mirial
2024-02-06 19:15:27,204,at-st,resistance,7,5,1,4,Sullust
2024-02-06 19:15:26,205,x-wing,empire,9,2,9,8,Aleen Minor
2024-02-06 19:15:25,206,unknown,empire,5,5,5,10,Stewjon
2024-02-06 19:15:24,207,tie_silencer,empire,3,1,10,7,Socorro
2024-02-06 19:15:23,208,resistance_soldier,resistance,2,6,1,8,Haruun Kal
2024-02-06 19:15:22,209,stormtrooper,resistance,3,3,5,1,Haruun Kal
2024-02-06 19:15:21,210,unknown,resistance,8,1,9,4,Concord Dawn
2024-02-06 19:15:20,211,at-at,empire,10,5,7,4,Rodia
2024-02-06 19:15:19,212,unknown,empire,9,9,2,3,Ojom
2024-02-06 19:15:18,213,tie_silencer,resistance,10,10,7,1,Shili
2024-02-06 19:15:17,214,at-at,empire,6,2,1,3,Kashyyyk
2024-02-06 19:15:16,215,at-at,empire,7,10,6,5,Stewjon
2024-02-06 19:15:15,216,x-wing,resistance,6,3,8,5,Serenno
2024-02-06 19:15:14,217,tie_silencer,empire,10,4,1,6,Skako
2024-02-06 19:15:13,218,at-st,resistance,4,6,4,5,Sullust
2024-02-06 19:15:12,219,x-wing,empire,9,9,8,6,Tatooine
2024-02-06 19:15:11,220,tie_silencer,resistance,6,8,6,4,Shili
2024-02-06 19:15:10,221,x-wing,empire,2,5,10,7,Bestine IV
2024-02-06 19:15:09,222,stormtrooper,empire,3,9,1,9,Eriadu
2024-02-06 19:15:08,223,tie_fighter,empire,10,9,2,10,Toydaria
2024-02-06 19:15:07,224,at-at,empire,2,9,6,3,Dorin
2024-02-06 19:15:06,225,at-at,empire,3,10,2,6,Haruun Kal
2024-02-06 19:15:05,226,tie_fighter,empire,1,9,8,10,Iridonia
2024-02-06 19:15:04,227,x-wing,resistance,9,8,3,9,Haruun Kal
2024-02-06 19:15:03,228,x-wing,empire,3,9,3,1,Toydaria
2024-02-06 19:15:02,229,tie_fighter,empire,8,2,4,6,Serenno
2024-02-06 19:15:01,230,stormtrooper,resistance,6,6,2,3,Trandosha
2024-02-06 19:15:00,231,at-st,resistance,1,8,5,3,Socorro
2024-02-06 19:14:59,232,unknown,resistance,2,5,7,2,Shili
2024-02-06 19:14:58,233,tie_silencer,resistance,6,4,1,4,Tholoth
2024-02-06 19:14:57,234,at-at,empire,2,8,8,5,Tatooine
2024-02-06 19:14:56,235,x-wing,resistance,6,2,1,8,Skako
2024-02-06 19:14:55,236,resistance_soldier,resistance,7,7,6,5,Skako
2024-02-06 19:14:54,237,stormtrooper,resistance,3,4,10,10,Troiken
2024-02-06 19:14:53,238,x-wing,empire,9,1,5,8,Malastare
2024-02-06 19:14:52,239,at-at,empire,5,8,10,9,Trandosha
2024-02-06 19:14:51,240,stormtrooper,empire,5,1,7,2,Iktotch
2024-02-06 19:14:50,241,at-st,resistance,6,2,8,5,Iktotch
2024-02-06 19:14:49,242,tie_silencer,resistance,7,10,5,4,Alderaan
2024-02-06 19:14:48,243,resistance_soldier,resistance,6,5,3,2,Mon Cala
2024-02-06 19:14:47,244,at-at,resistance,4,10,7,5,Dagobah
2024-02-06 19:14:46,245,at-st,resistance,9,6,5,7,Sullust
2024-02-06 19:14:45,246,tie_silencer,empire,1,4,4,2,Troiken
2024-02-06 19:14:44,247,at-at,resistance,10,10,8,1,Bestine IV
2024-02-06 19:14:43,248,tie_fighter,empire,8,9,6,3,Glee Anselm
2024-02-06 19:14:42,249,stormtrooper,empire,5,1,4,2,Tund
2024-02-06 19:14:41,250,stormtrooper,resistance,7,7,3,9,Kashyyyk
2024-02-06 19:14:40,251,unknown,resistance,3,5,3,6,Naboo
2024-02-06 19:14:39,252,tie_fighter,empire,7,2,9,3,Trandosha
2024-02-06 19:14:38,253,tie_silencer,resistance,2,3,10,8,Socorro
2024-02-06 19:14:37,254,at-st,empire,10,5,4,2,Malastare
2024-02-06 19:14:36,255,tie_silencer,resistance,5,7,3,7,Concord Dawn
2024-02-06 19:14:35,256,tie_fighter,empire,2,2,6,9,Kalee
2024-02-06 19:14:34,257,unknown,empire,6,7,7,6,Malastare
2024-02-06 19:14:33,258,x-wing,resistance,7,3,2,8,Quermia
2024-02-06 19:14:32,259,stormtrooper,empire,2,10,9,6,Naboo
2024-02-06 19:14:31,260,x-wing,resistance,4,10,7,6,Tatooine
2024-02-06 19:14:30,261,x-wing,empire,8,1,1,3,Zolan
2024-02-06 19:14:29,262,tie_fighter,resistance,3,5,5,2,Cerea
2024-02-06 19:14:28,263,at-at,resistance,4,2,5,2,Champala
2024-02-06 19:14:27,264,tie_fighter,empire,5,2,4,1,Tatooine
2024-02-06 19:14:26,265,stormtrooper,resistance,7,8,7,2,Mon Cala
2024-02-06 19:14:25,266,stormtrooper,empire,2,1,9,5,Iridonia
2024-02-06 19:14:24,267,stormtrooper,empire,3,9,4,3,Vulpter
2024-02-06 19:14:23,268,tie_fighter,resistance,3,5,5,1,Sullust
2024-02-06 19:14:22,269,unknown,empire,2,9,9,1,Stewjon
2024-02-06 19:14:21,270,tie_silencer,empire,3,2,7,6,Corellia
2024-02-06 19:14:20,271,resistance_soldier,empire,3,6,5,10,Champala
2024-02-06 19:14:19,272,stormtrooper,empire,8,5,8,6,Ojom
2024-02-06 19:14:18,273,tie_silencer,resistance,7,2,2,7,Sullust
2024-02-06 19:14:17,274,at-at,resistance,1,7,9,3,Iridonia
2024-02-06 19:14:16,275,tie_silencer,empire,4,7,6,6,Trandosha
2024-02-06 19:14:15,276,tie_fighter,resistance,5,10,8,7,Tatooine
2024-02-06 19:14:14,277,resistance_soldier,resistance,8,10,8,10,Dathomir
2024-02-06 19:14:13,278,stormtrooper,resistance,10,9,4,10,Dorin
2024-02-06 19:14:12,279,resistance_soldier,resistance,5,9,2,5,Vulpter
2024-02-06 19:14:11,280,stormtrooper,resistance,2,5,6,10,Rodia
2024-02-06 19:14:10,281,tie_fighter,resistance,7,5,3,9,Umbara
2024-02-06 19:14:09,282,tie_silencer,resistance,5,2,6,4,Bestine IV
2024-02-06 19:14:08,283,x-wing,empire,4,10,8,9,Cerea
2024-02-06 19:14:07,284,tie_silencer,resistance,4,9,5,8,Haruun Kal
2024-02-06 19:14:06,285,tie_silencer,empire,3,5,3,7,Ojom
2024-02-06 19:14:05,286,tie_silencer,resistance,5,6,9,2,Troiken
2024-02-06 19:14:04,287,tie_fighter,empire,10,10,2,3,Vulpter
2024-02-06 19:14:03,288,resistance_soldier,resistance,10,7,6,6,Sullust
2024-02-06 19:14:02,289,stormtrooper,resistance,3,7,4,6,Cerea
2024-02-06 19:14:01,290,stormtrooper,resistance,2,8,8,3,Kashyyyk
2024-02-06 19:14:00,291,stormtrooper,resistance,8,5,2,3,Ojom
2024-02-06 19:13:59,292,at-at,resistance,1,7,4,5,Ojom
2024-02-06 19:13:58,293,resistance_soldier,resistance,1,3,2,5,Malastare
2024-02-06 19:13:57,294,tie_silencer,resistance,3,3,5,10,Iridonia
2024-02-06 19:13:56,295,tie_fighter,empire,10,2,3,10,Malastare
2024-02-06 19:13:55,296,at-at,empire,5,1,7,3,Troiken
2024-02-06 19:13:54,297,tie_silencer,empire,9,2,3,10,Stewjon
2024-02-06 19:13:53,298,stormtrooper,resistance,9,3,3,7,Socorro
2024-02-06 19:13:52,299,unknown,empire,10,5,10,6,Cerea
2024-02-06 19:13:51,300,resistance_soldier,empire,7,3,9,1,Bestine IV
2024-02-06 19:13:50,301,tie_fighter,empire,8,2,2,6,Iridonia
2024-02-06 19:13:49,302,tie_fighter,resistance,8,9,8,8,Naboo
2024-02-06 19:13:48,303,x-wing,resistance,6,5,7,6,Umbara
2024-02-06 19:13:47,304,at-at,resistance,4,9,6,1,Troiken
2024-02-06 19:13:46,305,tie_fighter,resistance,3,8,8,10,Naboo
2024-02-06 19:13:45,306,tie_silencer,resistance,8,6,7,9,Alderaan
2024-02-06 19:13:44,307,stormtrooper,resistance,9,4,7,2,Socorro
2024-02-06 19:13:43,308,at-at,empire,1,8,6,5,Mirial
2024-02-06 19:13:42,309,tie_fighter,resistance,10,8,8,10,Concord Dawn
2024-02-06 19:13:41,310,unknown,empire,3,3,9,9,Vulpter
2024-02-06 19:13:40,311,x-wing,empire,6,2,8,8,Mirial
2024-02-06 19:13:39,312,at-at,resistance,9,7,2,4,Kalee
2024-02-06 19:13:38,313,resistance_soldier,empire,9,4,1,3,Tatooine
2024-02-06 19:13:37,314,tie_fighter,empire,4,6,6,2,Kalee
2024-02-06 19:13:36,315,stormtrooper,empire,1,6,10,2,Mon Cala
2024-02-06 19:13:35,316,unknown,empire,2,9,3,2,Dorin
2024-02-06 19:13:34,317,at-at,resistance,8,9,8,2,Ryloth
2024-02-06 19:13:33,318,at-st,empire,7,4,9,6,Iktotch
2024-02-06 19:13:32,319,unknown,resistance,1,5,10,1,Naboo
2024-02-06 19:13:31,320,resistance_soldier,empire,1,5,3,5,Tatooine
2024-02-06 19:13:30,321,tie_fighter,resistance,1,3,7,8,Concord Dawn
2024-02-06 19:13:29,322,at-st,empire,3,4,8,3,Tatooine
2024-02-06 19:13:28,323,stormtrooper,resistance,3,5,1,10,Naboo
2024-02-06 19:13:27,324,unknown,empire,8,6,9,8,Stewjon
2024-02-06 19:13:26,325,tie_fighter,empire,1,8,7,4,Rodia
2024-02-06 19:13:25,326,stormtrooper,empire,2,9,5,6,Rodia
2024-02-06 19:13:24,327,tie_silencer,resistance,8,7,7,2,Trandosha
2024-02-06 19:13:23,328,at-at,empire,10,6,8,2,Stewjon
2024-02-06 19:13:22,329,at-st,resistance,8,3,10,6,Ryloth
2024-02-06 19:13:21,330,stormtrooper,empire,4,10,4,7,Corellia
2024-02-06 19:13:20,331,unknown,empire,5,10,10,4,Chandrila
2024-02-06 19:13:19,332,resistance_soldier,empire,8,8,5,9,Serenno
2024-02-06 19:13:18,333,at-at,resistance,1,6,1,1,Sullust
2024-02-06 19:13:17,334,tie_fighter,resistance,2,7,4,3,Malastare
2024-02-06 19:13:16,335,at-at,resistance,2,1,4,1,Socorro
2024-02-06 19:13:15,336,stormtrooper,empire,8,8,2,4,Aleen Minor
2024-02-06 19:13:14,337,at-at,resistance,4,2,6,7,Kashyyyk
2024-02-06 19:13:13,338,x-wing,empire,3,4,7,1,Champala
2024-02-06 19:13:12,339,tie_silencer,empire,4,2,10,7,Tund
2024-02-06 19:13:11,340,at-st,empire,7,9,9,9,Glee Anselm
2024-02-06 19:13:10,341,tie_silencer,empire,3,7,1,5,Socorro
2024-02-06 19:13:09,342,unknown,empire,6,5,2,2,Ryloth
2024-02-06 19:13:08,343,x-wing,resistance,10,7,8,7,Concord Dawn
2024-02-06 19:13:07,344,at-at,resistance,6,9,6,10,Shili
2024-02-06 19:13:06,345,tie_silencer,resistance,10,5,4,7,Rodia
2024-02-06 19:13:05,346,at-at,resistance,3,6,5,4,Umbara
2024-02-06 19:13:04,347,at-st,resistance,4,7,10,2,Mirial
2024-02-06 19:13:03,348,x-wing,empire,6,7,6,6,Serenno
2024-02-06 19:13:02,349,stormtrooper,empire,1,8,7,5,Champala
2024-02-06 19:13:01,350,resistance_soldier,resistance,7,8,10,6,Ojom
2024-02-06 19:13:00,351,resistance_soldier,empire,9,4,9,7,Concord Dawn
2024-02-06 19:12:59,352,resistance_soldier,resistance,10,3,1,3,Alderaan
2024-02-06 19:12:58,353,at-at,resistance,4,7,6,1,Bestine IV
2024-02-06 19:12:57,354,resistance_soldier,empire,5,6,10,8,Serenno
2024-02-06 19:12:56,355,tie_fighter,resistance,6,5,5,7,Dathomir
2024-02-06 19:12:55,356,at-st,empire,8,1,2,1,Stewjon
2024-02-06 19:12:54,357,x-wing,resistance,1,4,8,3,Sullust
2024-02-06 19:12:53,358,at-at,empire,9,6,2,7,Skako
2024-02-06 19:12:52,359,unknown,empire,2,1,5,7,Malastare
2024-02-06 19:12:51,360,tie_fighter,empire,8,4,4,1,Shili
2024-02-06 19:12:50,361,tie_fighter,resistance,5,6,8,8,Mirial
2024-02-06 19:12:49,362,unknown,resistance,10,9,6,8,Kashyyyk
2024-02-06 19:12:48,363,tie_fighter,resistance,10,1,9,1,Mon Cala
2024-02-06 19:12:47,364,resistance_soldier,empire,3,10,1,3,Vulpter
2024-02-06 19:12:46,365,unknown,resistance,9,3,9,4,Dathomir
2024-02-06 19:12:45,366,unknown,empire,2,3,2,6,Ojom
2024-02-06 19:12:44,367,unknown,empire,6,5,8,4,Haruun Kal
2024-02-06 19:12:43,368,at-st,resistance,4,7,2,2,Tatooine
2024-02-06 19:12:42,369,x-wing,resistance,3,10,1,3,Bestine IV
2024-02-06 19:12:41,370,unknown,empire,7,6,2,4,Champala
2024-02-06 19:12:40,371,at-at,resistance,2,3,5,10,Alderaan
2024-02-06 19:12:39,372,at-st,resistance,6,1,1,5,Ryloth
2024-02-06 19:12:38,373,resistance_soldier,resistance,7,1,1,3,Dathomir
2024-02-06 19:12:37,374,tie_fighter,resistance,3,8,3,6,Alderaan
2024-02-06 19:12:36,375,x-wing,empire,3,10,5,7,Dorin
2024-02-06 19:12:35,376,resistance_soldier,resistance,6,5,6,5,Chandrila
2024-02-06 19:12:34,377,unknown,empire,7,7,9,6,Mon Cala
2024-02-06 19:12:33,378,stormtrooper,resistance,7,2,7,5,Naboo
2024-02-06 19:12:32,379,at-st,empire,4,4,4,5,Aleen Minor
2024-02-06 19:12:31,380,tie_fighter,empire,3,2,7,4,Muunilinst
2024-02-06 19:12:30,381,tie_fighter,resistance,4,4,8,3,Bestine IV
2024-02-06 19:12:29,382,unknown,empire,1,9,10,9,Mon Cala
2024-02-06 19:12:28,383,unknown,resistance,7,6,5,3,Umbara
2024-02-06 19:12:27,384,at-st,resistance,7,7,3,2,Toydaria
2024-02-06 19:12:26,385,x-wing,resistance,4,1,6,8,Alderaan
2024-02-06 19:12:25,386,resistance_soldier,empire,9,2,5,4,Rodia
2024-02-06 19:12:24,387,unknown,resistance,7,4,4,3,Shili
2024-02-06 19:12:23,388,unknown,empire,2,5,2,2,Concord Dawn
2024-02-06 19:12:22,389,tie_silencer,empire,4,7,8,7,Stewjon
2024-02-06 19:12:21,390,x-wing,resistance,2,10,10,9,Iridonia
2024-02-06 19:12:20,391,resistance_soldier,empire,6,4,1,1,Malastare
2024-02-06 19:12:19,392,stormtrooper,resistance,1,1,9,3,Troiken
2024-02-06 19:12:18,393,at-at,resistance,9,3,2,6,Haruun Kal
2024-02-06 19:12:17,394,x-wing,empire,4,4,10,8,Iktotch
2024-02-06 19:12:16,395,x-wing,resistance,1,10,8,1,Zolan
2024-02-06 19:12:15,396,at-at,resistance,2,1,3,4,Sullust
2024-02-06 19:12:14,397,unknown,empire,10,4,2,4,Trandosha
2024-02-06 19:12:13,398,stormtrooper,resistance,1,4,1,8,Iktotch
2024-02-06 19:12:12,399,tie_silencer,resistance,7,6,7,9,Umbara
2024-02-06 19:12:11,400,at-st,resistance,8,6,7,4,Mon Cala
2024-02-06 19:12:10,401,at-st,resistance,2,3,8,1,Naboo
2024-02-06 19:12:09,402,at-at,resistance,7,10,9,2,Bestine IV
2024-02-06 19:12:08,403,at-at,resistance,10,7,10,3,Vulpter
2024-02-06 19:12:07,404,resistance_soldier,resistance,6,6,2,10,Alderaan
2024-02-06 19:12:06,405,stormtrooper,empire,9,10,1,5,Eriadu
2024-02-06 19:12:05,406,tie_silencer,empire,4,4,9,7,Quermia
2024-02-06 19:12:04,407,stormtrooper,resistance,3,4,7,4,Shili
2024-02-06 19:12:03,408,tie_silencer,resistance,1,8,9,10,Shili
2024-02-06 19:12:02,409,unknown,resistance,3,8,4,8,Mirial
2024-02-06 19:12:01,410,resistance_soldier,resistance,4,5,1,1,Trandosha
2024-02-06 19:12:00,411,at-at,resistance,10,9,1,9,Umbara
2024-02-06 19:11:59,412,unknown,resistance,8,9,10,1,Dorin
2024-02-06 19:11:58,413,at-st,resistance,1,6,1,2,Dagobah
2024-02-06 19:11:57,414,at-at,resistance,2,5,3,3,Ojom
2024-02-06 19:11:56,415,tie_fighter,resistance,4,10,1,1,Rodia
2024-02-06 19:11:55,416,at-at,empire,1,10,6,8,Tholoth
2024-02-06 19:11:54,417,stormtrooper,empire,7,1,6,9,Malastare
2024-02-06 19:11:53,418,tie_silencer,resistance,4,8,7,3,Dathomir
2024-02-06 19:11:52,419,stormtrooper,empire,6,7,3,2,Tatooine
2024-02-06 19:11:51,420,at-st,empire,9,5,3,6,Dagobah
2024-02-06 19:11:50,421,x-wing,empire,2,10,3,9,Umbara
2024-02-06 19:11:49,422,at-st,resistance,4,4,6,9,Vulpter
2024-02-06 19:11:48,423,tie_silencer,resistance,10,1,8,9,Mon Cala
2024-02-06 19:11:47,424,at-at,resistance,1,6,2,7,Haruun Kal
2024-02-06 19:11:46,425,unknown,resistance,2,9,9,6,Iridonia
2024-02-06 19:11:45,426,tie_silencer,empire,9,5,10,1,Stewjon
2024-02-06 19:11:44,427,unknown,resistance,10,9,4,7,Tatooine
2024-02-06 19:11:43,428,tie_fighter,resistance,7,7,2,6,Kashyyyk
2024-02-06 19:11:42,429,resistance_soldier,resistance,10,1,10,9,Trandosha
2024-02-06 19:11:41,430,tie_fighter,resistance,7,2,5,6,Bestine IV
2024-02-06 19:11:40,431,tie_fighter,empire,10,1,9,4,Haruun Kal
2024-02-06 19:11:39,432,resistance_soldier,empire,9,3,1,8,Ojom
2024-02-06 19:11:38,433,tie_fighter,empire,8,6,8,3,Bestine IV
2024-02-06 19:11:37,434,at-st,empire,7,7,6,8,Quermia
2024-02-06 19:11:36,435,stormtrooper,empire,2,2,3,3,Toydaria
2024-02-06 19:11:35,436,unknown,empire,5,6,9,3,Eriadu
2024-02-06 19:11:34,437,resistance_soldier,resistance,1,9,1,9,Glee Anselm
2024-02-06 19:11:33,438,tie_fighter,resistance,2,2,4,1,Concord Dawn
2024-02-06 19:11:32,439,tie_fighter,empire,5,10,2,3,Skako
2024-02-06 19:11:31,440,resistance_soldier,empire,7,4,3,2,Ojom
2024-02-06 19:11:30,441,resistance_soldier,empire,10,2,2,8,Tund
2024-02-06 19:11:29,442,unknown,empire,1,3,3,10,Corellia
2024-02-06 19:11:28,443,stormtrooper,empire,5,9,2,8,Iridonia
2024-02-06 19:11:27,444,tie_silencer,empire,4,7,7,6,Toydaria
2024-02-06 19:11:26,445,tie_silencer,resistance,1,3,3,4,Rodia
2024-02-06 19:11:25,446,x-wing,resistance,9,2,3,4,Kalee
2024-02-06 19:11:24,447,tie_fighter,resistance,9,7,1,7,Haruun Kal
2024-02-06 19:11:23,448,at-at,resistance,1,1,1,5,Toydaria
2024-02-06 19:11:22,449,tie_silencer,resistance,5,7,6,4,Ojom
2024-02-06 19:11:21,450,at-at,resistance,9,10,10,3,Shili
2024-02-06 19:11:20,451,tie_silencer,empire,6,3,9,10,Kashyyyk
2024-02-06 19:11:19,452,resistance_soldier,resistance,2,7,1,10,Haruun Kal
2024-02-06 19:11:18,453,tie_fighter,empire,4,1,9,4,Naboo
2024-02-06 19:11:17,454,unknown,resistance,3,7,1,6,Aleen Minor
2024-02-06 19:11:16,455,stormtrooper,resistance,4,2,10,4,Shili
2024-02-06 19:11:15,456,x-wing,resistance,7,6,1,1,Alderaan
2024-02-06 19:11:14,457,unknown,resistance,10,9,10,5,Shili
2024-02-06 19:11:13,458,tie_silencer,resistance,8,4,9,7,Trandosha
2024-02-06 19:11:12,459,stormtrooper,resistance,10,1,9,4,Vulpter
2024-02-06 19:11:11,460,stormtrooper,resistance,2,10,3,5,Sullust
2024-02-06 19:11:10,461,unknown,empire,4,4,7,4,Corellia
2024-02-06 19:11:09,462,tie_fighter,resistance,8,2,3,4,Haruun Kal
2024-02-06 19:11:08,463,at-st,resistance,1,4,8,4,Shili
2024-02-06 19:11:07,464,x-wing,resistance,5,5,8,8,Alderaan
2024-02-06 19:11:06,465,tie_silencer,resistance,2,9,5,1,Bestine IV
2024-02-06 19:11:05,466,stormtrooper,empire,3,6,8,3,Muunilinst
2024-02-06 19:11:04,467,unknown,empire,2,6,3,5,Stewjon
2024-02-06 19:11:03,468,unknown,resistance,7,3,2,8,Shili
2024-02-06 19:11:02,469,at-st,empire,10,4,2,9,Zolan
2024-02-06 19:11:01,470,stormtrooper,resistance,5,5,5,10,Ojom
2024-02-06 19:11:00,471,resistance_soldier,resistance,3,4,1,1,Chandrila
2024-02-06 19:10:59,472,x-wing,resistance,1,9,1,5,Umbara
2024-02-06 19:10:58,473,tie_fighter,empire,8,9,1,10,Dagobah
2024-02-06 19:10:57,474,stormtrooper,resistance,6,5,1,8,Troiken
2024-02-06 19:10:56,475,at-at,empire,2,6,8,3,Shili
2024-02-06 19:10:55,476,stormtrooper,empire,3,5,4,10,Tund
2024-02-06 19:10:54,477,tie_silencer,resistance,7,5,9,6,Mon Cala
2024-02-06 19:10:53,478,unknown,empire,9,4,4,10,Naboo
2024-02-06 19:10:52,479,stormtrooper,empire,2,6,9,4,Haruun Kal
2024-02-06 19:10:51,480,unknown,resistance,1,5,4,9,Kalee
2024-02-06 19:10:50,481,stormtrooper,empire,3,3,2,10,Socorro
2024-02-06 19:10:49,482,tie_fighter,empire,8,6,1,7,Kashyyyk
2024-02-06 19:10:48,483,x-wing,empire,5,2,4,1,Dorin
2024-02-06 19:10:47,484,stormtrooper,empire,5,4,3,3,Skako
2024-02-06 19:10:46,485,unknown,empire,9,9,1,9,Trandosha
2024-02-06 19:10:45,486,resistance_soldier,resistance,8,6,1,2,Alderaan
2024-02-06 19:10:44,487,unknown,empire,8,7,2,2,Trandosha
2024-02-06 19:10:43,488,x-wing,resistance,6,6,7,6,Glee Anselm
2024-02-06 19:10:42,489,stormtrooper,empire,4,1,2,3,Iridonia
2024-02-06 19:10:41,490,x-wing,resistance,7,10,5,4,Alderaan
2024-02-06 19:10:40,491,tie_silencer,resistance,10,6,5,10,Iridonia
2024-02-06 19:10:39,492,at-at,resistance,8,2,10,3,Ryloth
2024-02-06 19:10:38,493,at-st,resistance,9,3,1,7,Rodia
2024-02-06 19:10:37,494,resistance_soldier,empire,8,7,3,1,Ryloth
2024-02-06 19:10:36,495,tie_silencer,empire,6,1,5,4,Trandosha
2024-02-06 19:10:35,496,tie_fighter,empire,7,2,8,7,Trandosha
2024-02-06 19:10:34,497,at-st,resistance,7,1,9,6,Dathomir
2024-02-06 19:10:33,498,at-at,empire,9,6,2,4,Tund
2024-02-06 19:10:32,499,stormtrooper,resistance,2,8,4,6,Tholoth
2024-02-06 19:10:31,500,at-st,resistance,1,4,5,9,Haruun Kal
2024-02-06 19:10:30,501,unknown,empire,6,7,3,10,Aleen Minor
2024-02-06 19:10:29,502,resistance_soldier,resistance,10,5,2,6,Alderaan
2024-02-06 19:10:28,503,stormtrooper,empire,5,7,9,10,Iktotch
2024-02-06 19:10:27,504,unknown,resistance,7,6,10,5,Rodia
2024-02-06 19:10:26,505,at-at,empire,10,5,7,2,Serenno
2024-02-06 19:10:25,506,stormtrooper,empire,1,5,2,3,Eriadu
2024-02-06 19:10:24,507,x-wing,resistance,5,2,9,8,Zolan
2024-02-06 19:10:23,508,tie_fighter,resistance,10,10,7,5,Ryloth
2024-02-06 19:10:22,509,stormtrooper,resistance,9,2,7,7,Haruun Kal
2024-02-06 19:10:21,510,resistance_soldier,resistance,6,5,4,4,Mon Cala
2024-02-06 19:10:20,511,tie_fighter,empire,6,4,8,8,Glee Anselm
2024-02-06 19:10:19,512,tie_silencer,empire,6,5,7,6,Trandosha
2024-02-06 19:10:18,513,stormtrooper,empire,5,2,3,2,Zolan
2024-02-06 19:10:17,514,at-st,empire,4,4,2,3,Aleen Minor
2024-02-06 19:10:16,515,x-wing,empire,10,4,2,5,Ojom
2024-02-06 19:10:15,516,at-at,empire,6,4,2,3,Vulpter
2024-02-06 19:10:14,517,tie_fighter,empire,8,8,9,1,Malastare
2024-02-06 19:10:13,518,tie_silencer,resistance,1,3,10,4,Ryloth
2024-02-06 19:10:12,519,tie_silencer,empire,4,10,4,2,Concord Dawn
2024-02-06 19:10:11,520,stormtrooper,resistance,3,5,8,6,Bestine IV
2024-02-06 19:10:10,521,stormtrooper,resistance,4,9,5,7,Mon Cala
2024-02-06 19:10:09,522,resistance_soldier,empire,1,8,2,7,Malastare
2024-02-06 19:10:08,523,tie_fighter,resistance,9,4,10,4,Ojom
2024-02-06 19:10:07,524,resistance_soldier,resistance,7,6,7,6,Champala
2024-02-06 19:10:06,525,tie_silencer,resistance,6,1,10,4,Chandrila
2024-02-06 19:10:05,526,at-st,empire,9,5,5,8,Iridonia
2024-02-06 19:10:04,527,resistance_soldier,empire,4,8,10,4,Serenno
2024-02-06 19:10:03,528,tie_fighter,empire,6,10,4,4,Muunilinst
2024-02-06 19:10:02,529,stormtrooper,empire,1,9,8,9,Skako
2024-02-06 19:10:01,530,at-st,empire,8,5,3,8,Naboo
2024-02-06 19:10:00,531,resistance_soldier,empire,1,8,4,6,Malastare
2024-02-06 19:09:59,532,tie_fighter,empire,10,9,2,9,Malastare
2024-02-06 19:09:58,533,at-st,resistance,6,6,8,9,Sullust
2024-02-06 19:09:57,534,tie_silencer,resistance,9,9,1,4,Quermia
2024-02-06 19:09:56,535,stormtrooper,resistance,6,9,9,9,Bestine IV
2024-02-06 19:09:55,536,x-wing,empire,4,6,5,3,Tund
2024-02-06 19:09:54,537,at-at,resistance,8,4,10,9,Chandrila
2024-02-06 19:09:53,538,at-at,empire,1,7,5,1,Troiken
2024-02-06 19:09:52,539,unknown,resistance,1,8,1,6,Kalee
2024-02-06 19:09:51,540,resistance_soldier,empire,3,4,7,8,Trandosha
2024-02-06 19:09:50,541,resistance_soldier,resistance,6,8,1,9,Malastare
2024-02-06 19:09:49,542,at-at,resistance,6,8,1,6,Ojom
2024-02-06 19:09:48,543,unknown,resistance,8,8,9,3,Cerea
2024-02-06 19:09:47,544,tie_silencer,empire,3,4,4,9,Serenno
2024-02-06 19:09:46,545,at-at,resistance,2,6,3,10,Rodia
2024-02-06 19:09:45,546,at-at,empire,7,10,10,10,Mirial
2024-02-06 19:09:44,547,tie_silencer,empire,7,1,7,4,Naboo
2024-02-06 19:09:43,548,unknown,empire,8,3,8,2,Kalee
2024-02-06 19:09:42,549,at-st,empire,8,10,9,9,Aleen Minor
2024-02-06 19:09:41,550,tie_silencer,resistance,8,4,5,6,Sullust
2024-02-06 19:09:40,551,unknown,resistance,9,8,4,10,Tholoth
2024-02-06 19:09:39,552,stormtrooper,resistance,10,7,4,9,Kashyyyk
2024-02-06 19:09:38,553,resistance_soldier,empire,5,5,9,1,Tatooine
2024-02-06 19:09:37,554,tie_silencer,resistance,3,2,2,3,Mon Cala
2024-02-06 19:09:36,555,at-st,resistance,2,3,3,2,Haruun Kal
2024-02-06 19:09:35,556,stormtrooper,empire,1,7,2,8,Dorin
2024-02-06 19:09:34,557,tie_silencer,empire,7,1,7,2,Quermia
2024-02-06 19:09:33,558,at-at,empire,7,5,5,3,Concord Dawn
2024-02-06 19:09:32,559,resistance_soldier,empire,6,5,4,1,Aleen Minor
2024-02-06 19:09:31,560,x-wing,empire,10,7,7,1,Tholoth
2024-02-06 19:09:30,561,at-at,empire,10,5,5,6,Serenno
2024-02-06 19:09:29,562,x-wing,empire,2,4,4,1,Serenno
2024-02-06 19:09:28,563,x-wing,empire,4,10,6,8,Cerea
2024-02-06 19:09:27,564,x-wing,empire,5,8,3,8,Concord Dawn
2024-02-06 19:09:26,565,unknown,empire,6,2,8,6,Tatooine
2024-02-06 19:09:25,566,tie_fighter,resistance,3,1,10,9,Champala
2024-02-06 19:09:24,567,unknown,empire,1,5,10,6,Tund
2024-02-06 19:09:23,568,tie_fighter,empire,1,10,8,8,Dorin
2024-02-06 19:09:22,569,unknown,empire,8,3,4,6,Toydaria
2024-02-06 19:09:21,570,stormtrooper,resistance,5,5,7,7,Iridonia
2024-02-06 19:09:20,571,at-st,empire,10,6,7,7,Corellia
2024-02-06 19:09:19,572,tie_fighter,resistance,6,8,10,4,Eriadu
2024-02-06 19:09:18,573,tie_fighter,resistance,10,3,2,4,Dathomir
2024-02-06 19:09:17,574,x-wing,resistance,1,9,1,4,Eriadu
2024-02-06 19:09:16,575,x-wing,resistance,5,4,3,10,Mon Cala
2024-02-06 19:09:15,576,stormtrooper,empire,1,3,7,3,Ryloth
2024-02-06 19:09:14,577,x-wing,empire,9,9,9,4,Eriadu
2024-02-06 19:09:13,578,at-at,resistance,8,3,4,2,Trandosha
2024-02-06 19:09:12,579,unknown,empire,3,5,8,7,Corellia
2024-02-06 19:09:11,580,tie_silencer,empire,9,9,6,4,Serenno
2024-02-06 19:09:10,581,stormtrooper,empire,2,6,8,4,Muunilinst
2024-02-06 19:09:09,582,stormtrooper,resistance,5,1,5,8,Haruun Kal
2024-02-06 19:09:08,583,tie_silencer,resistance,6,1,1,10,Mon Cala
2024-02-06 19:09:07,584,stormtrooper,empire,5,4,7,6,Stewjon
2024-02-06 19:09:06,585,tie_silencer,resistance,3,7,9,4,Quermia
2024-02-06 19:09:05,586,at-at,empire,9,4,1,2,Mirial
2024-02-06 19:09:04,587,tie_silencer,empire,7,9,5,8,Tatooine
2024-02-06 19:09:03,588,resistance_soldier,resistance,7,7,4,3,Corellia
2024-02-06 19:09:02,589,tie_fighter,empire,1,10,8,7,Corellia
2024-02-06 19:09:01,590,resistance_soldier,resistance,6,5,6,5,Haruun Kal
2024-02-06 19:09:00,591,resistance_soldier,empire,5,5,9,5,Glee Anselm
2024-02-06 19:08:59,592,unknown,resistance,8,6,5,10,Ryloth
2024-02-06 19:08:58,593,tie_silencer,resistance,1,9,5,7,Vulpter
2024-02-06 19:08:57,594,tie_silencer,empire,7,8,10,1,Glee Anselm
2024-02-06 19:08:56,595,tie_fighter,empire,1,9,3,8,Skako
2024-02-06 19:08:55,596,at-st,resistance,8,3,9,6,Umbara
2024-02-06 19:08:54,597,stormtrooper,empire,7,8,5,1,Trandosha
2024-02-06 19:08:53,598,tie_silencer,resistance,2,6,2,3,Kalee
2024-02-06 19:08:52,599,at-st,resistance,2,1,4,6,Iridonia
2024-02-06 19:08:51,600,x-wing,resistance,3,2,5,8,Tatooine
2024-02-06 19:08:50,601,tie_silencer,empire,3,8,4,3,Muunilinst
2024-02-06 19:08:49,602,tie_silencer,empire,1,1,2,5,Dagobah
2024-02-06 19:08:48,603,at-st,empire,10,4,6,8,Toydaria
2024-02-06 19:08:47,604,at-st,resistance,8,8,1,2,Ojom
2024-02-06 19:08:46,605,x-wing,empire,10,8,5,4,Ojom
2024-02-06 19:08:45,606,at-st,empire,6,6,8,7,Ryloth
2024-02-06 19:08:44,607,stormtrooper,empire,5,1,4,5,Champala
2024-02-06 19:08:43,608,at-st,empire,10,5,1,4,Kalee
2024-02-06 19:08:42,609,stormtrooper,empire,6,5,3,9,Vulpter
2024-02-06 19:08:41,610,resistance_soldier,resistance,8,9,3,10,Dathomir
2024-02-06 19:08:40,611,at-at,empire,7,5,9,9,Kalee
2024-02-06 19:08:39,612,tie_silencer,empire,9,9,4,7,Quermia
2024-02-06 19:08:38,613,tie_fighter,empire,6,1,1,6,Stewjon
2024-02-06 19:08:37,614,unknown,resistance,9,4,6,1,Socorro
2024-02-06 19:08:36,615,tie_silencer,resistance,4,1,7,10,Iridonia
2024-02-06 19:08:35,616,tie_fighter,resistance,8,10,3,3,Stewjon
2024-02-06 19:08:34,617,unknown,resistance,3,10,1,1,Malastare
2024-02-06 19:08:33,618,resistance_soldier,empire,8,1,9,1,Tatooine
2024-02-06 19:08:32,619,resistance_soldier,resistance,9,6,3,3,Alderaan
2024-02-06 19:08:31,620,at-at,empire,7,10,4,6,Kalee
2024-02-06 19:08:30,621,tie_silencer,empire,1,10,3,3,Skako
2024-02-06 19:08:29,622,unknown,resistance,9,3,10,1,Tholoth
2024-02-06 19:08:28,623,stormtrooper,empire,9,2,5,1,Bestine IV
2024-02-06 19:08:27,624,tie_silencer,empire,4,2,4,6,Toydaria
2024-02-06 19:08:26,625,x-wing,empire,9,1,10,5,Champala
2024-02-06 19:08:25,626,tie_fighter,resistance,1,3,6,5,Naboo
2024-02-06 19:08:24,627,stormtrooper,resistance,4,10,5,6,Mirial
2024-02-06 19:08:23,628,tie_fighter,empire,6,7,7,6,Trandosha
2024-02-06 19:08:22,629,tie_fighter,resistance,10,2,8,2,Haruun Kal
2024-02-06 19:08:21,630,at-st,resistance,5,4,5,4,Mon Cala
2024-02-06 19:08:20,631,tie_fighter,empire,2,7,8,6,Rodia
2024-02-06 19:08:19,632,x-wing,empire,3,7,7,2,Skako
2024-02-06 19:08:18,633,at-at,empire,1,3,9,2,Stewjon
2024-02-06 19:08:17,634,tie_fighter,empire,4,10,9,7,Eriadu
2024-02-06 19:08:16,635,at-at,resistance,2,2,3,8,Champala
2024-02-06 19:08:15,636,tie_silencer,empire,6,5,6,5,Tund
2024-02-06 19:08:14,637,unknown,resistance,1,8,7,1,Trandosha
2024-02-06 19:08:13,638,x-wing,resistance,7,9,5,2,Alderaan
2024-02-06 19:08:12,639,stormtrooper,resistance,9,6,6,9,Tholoth
2024-02-06 19:08:11,640,resistance_soldier,resistance,8,6,1,10,Dathomir
2024-02-06 19:08:10,641,stormtrooper,empire,4,3,2,8,Quermia
2024-02-06 19:08:09,642,tie_fighter,resistance,3,7,9,7,Kashyyyk
2024-02-06 19:08:08,643,at-st,empire,3,9,7,7,Vulpter
2024-02-06 19:08:07,644,resistance_soldier,empire,8,3,8,8,Socorro
2024-02-06 19:08:06,645,tie_silencer,empire,8,6,4,10,Cerea
2024-02-06 19:08:05,646,unknown,empire,10,9,3,1,Bestine IV
2024-02-06 19:08:04,647,tie_fighter,resistance,9,8,9,9,Socorro
2024-02-06 19:08:03,648,unknown,resistance,9,1,8,3,Quermia
2024-02-06 19:08:02,649,tie_fighter,resistance,10,10,6,3,Iktotch
2024-02-06 19:08:01,650,tie_fighter,resistance,9,5,6,6,Quermia
2024-02-06 19:08:00,651,tie_fighter,resistance,2,9,2,1,Kashyyyk
2024-02-06 19:07:59,652,unknown,empire,1,8,5,3,Ryloth
2024-02-06 19:07:58,653,x-wing,empire,4,9,5,4,Skako
2024-02-06 19:07:57,654,tie_fighter,empire,2,10,7,6,Ryloth
2024-02-06 19:07:56,655,stormtrooper,empire,2,1,8,1,Serenno
2024-02-06 19:07:55,656,at-at,empire,1,1,4,7,Tund
2024-02-06 19:07:54,657,tie_fighter,empire,5,2,1,8,Trandosha
2024-02-06 19:07:53,658,tie_fighter,resistance,4,7,5,10,Chandrila
2024-02-06 19:07:52,659,stormtrooper,resistance,6,3,10,10,Eriadu
2024-02-06 19:07:51,660,tie_fighter,resistance,2,2,4,2,Quermia
2024-02-06 19:07:50,661,tie_silencer,resistance,2,9,10,7,Socorro
2024-02-06 19:07:49,662,resistance_soldier,resistance,7,8,8,6,Champala
2024-02-06 19:07:48,663,stormtrooper,resistance,2,10,4,1,Iktotch
2024-02-06 19:07:47,664,unknown,empire,2,2,5,8,Ojom
2024-02-06 19:07:46,665,tie_silencer,resistance,8,10,1,2,Sullust
2024-02-06 19:07:45,666,stormtrooper,resistance,8,7,8,7,Umbara
2024-02-06 19:07:44,667,x-wing,resistance,4,10,5,6,Umbara
2024-02-06 19:07:43,668,unknown,resistance,2,6,7,1,Dathomir
2024-02-06 19:07:42,669,stormtrooper,empire,5,3,4,9,Serenno
2024-02-06 19:07:41,670,x-wing,resistance,2,1,3,6,Ryloth
2024-02-06 19:07:40,671,stormtrooper,empire,3,9,10,9,Eriadu
2024-02-06 19:07:39,672,tie_fighter,resistance,5,4,7,2,Iridonia
2024-02-06 19:07:38,673,x-wing,resistance,9,5,3,1,Iridonia
2024-02-06 19:07:37,674,resistance_soldier,resistance,2,1,4,6,Sullust
2024-02-06 19:07:36,675,at-st,empire,3,10,9,1,Dagobah
2024-02-06 19:07:35,676,unknown,resistance,6,10,3,8,Eriadu
2024-02-06 19:07:34,677,tie_fighter,resistance,9,2,4,3,Ryloth
2024-02-06 19:07:33,678,stormtrooper,empire,1,3,5,3,Quermia
2024-02-06 19:07:32,679,unknown,resistance,3,10,1,7,Iktotch
2024-02-06 19:07:31,680,at-at,resistance,3,3,6,1,Malastare
2024-02-06 19:07:30,681,stormtrooper,empire,9,5,9,1,Eriadu
2024-02-06 19:07:29,682,tie_fighter,empire,7,6,8,5,Quermia
2024-02-06 19:07:28,683,tie_fighter,resistance,7,2,7,3,Iktotch
2024-02-06 19:07:27,684,resistance_soldier,empire,5,7,4,1,Corellia
2024-02-06 19:07:26,685,tie_silencer,empire,5,1,1,4,Dorin
2024-02-06 19:07:25,686,x-wing,resistance,1,1,9,7,Rodia
2024-02-06 19:07:24,687,stormtrooper,empire,9,6,5,9,Glee Anselm
2024-02-06 19:07:23,688,unknown,empire,3,10,8,4,Corellia
2024-02-06 19:07:22,689,tie_fighter,empire,7,5,10,9,Tatooine
2024-02-06 19:07:21,690,at-at,empire,3,3,1,9,Stewjon
2024-02-06 19:07:20,691,unknown,resistance,5,3,1,10,Malastare
2024-02-06 19:07:19,692,tie_fighter,resistance,2,5,10,1,Ryloth
2024-02-06 19:07:18,693,stormtrooper,empire,1,7,4,4,Trandosha
2024-02-06 19:07:17,694,resistance_soldier,empire,1,4,7,2,Malastare
2024-02-06 19:07:16,695,unknown,empire,8,9,9,7,Ojom
2024-02-06 19:07:15,696,at-st,resistance,10,9,3,8,Naboo
2024-02-06 19:07:14,697,tie_silencer,resistance,5,6,2,7,Zolan
2024-02-06 19:07:13,698,stormtrooper,resistance,1,10,8,2,Vulpter
2024-02-06 19:07:12,699,stormtrooper,resistance,2,5,6,10,Mon Cala
2024-02-06 19:07:11,700,tie_fighter,resistance,8,5,3,7,Dathomir
2024-02-06 19:07:10,701,at-st,resistance,6,3,8,10,Kashyyyk
2024-02-06 19:07:09,702,resistance_soldier,empire,1,8,6,3,Aleen Minor
2024-02-06 19:07:08,703,stormtrooper,resistance,5,8,9,9,Chandrila
2024-02-06 19:07:07,704,unknown,empire,2,9,3,8,Serenno
2024-02-06 19:07:06,705,resistance_soldier,resistance,1,5,7,1,Naboo
2024-02-06 19:07:05,706,at-at,resistance,9,10,9,7,Ryloth
2024-02-06 19:07:04,707,resistance_soldier,empire,2,5,9,5,Toydaria
2024-02-06 19:07:03,708,at-at,empire,8,7,3,6,Rodia
2024-02-06 19:07:02,709,unknown,empire,8,4,8,3,Cerea
2024-02-06 19:07:01,710,tie_fighter,empire,9,9,5,1,Muunilinst
2024-02-06 19:07:00,711,x-wing,resistance,10,3,7,6,Trandosha
2024-02-06 19:06:59,712,resistance_soldier,resistance,3,4,5,2,Sullust
2024-02-06 19:06:58,713,at-st,resistance,10,3,5,1,Mon Cala
2024-02-06 19:06:57,714,at-at,resistance,9,4,4,2,Mon Cala
2024-02-06 19:06:56,715,tie_fighter,empire,6,3,7,8,Cerea
2024-02-06 19:06:55,716,resistance_soldier,empire,10,3,5,7,Tholoth
2024-02-06 19:06:54,717,tie_fighter,resistance,1,5,10,3,Skako
2024-02-06 19:06:53,718,tie_silencer,empire,5,8,9,9,Toydaria
2024-02-06 19:06:52,719,x-wing,empire,3,1,10,2,Iktotch
2024-02-06 19:06:51,720,stormtrooper,empire,5,7,10,4,Tund
2024-02-06 19:06:50,721,at-st,empire,7,8,1,6,Eriadu
2024-02-06 19:06:49,722,at-at,resistance,8,7,2,1,Dathomir
2024-02-06 19:06:48,723,resistance_soldier,resistance,10,7,7,2,Quermia
2024-02-06 19:06:47,724,stormtrooper,resistance,5,5,8,5,Shili
2024-02-06 19:06:46,725,tie_fighter,resistance,10,9,3,6,Shili
2024-02-06 19:06:45,726,tie_silencer,resistance,7,5,4,3,Chandrila
2024-02-06 19:06:44,727,resistance_soldier,resistance,3,1,4,5,Tund
2024-02-06 19:06:43,728,at-st,empire,5,2,4,7,Muunilinst
2024-02-06 19:06:42,729,at-st,resistance,5,8,8,2,Iktotch
2024-02-06 19:06:41,730,tie_fighter,resistance,2,9,3,10,Muunilinst
2024-02-06 19:06:40,731,tie_fighter,resistance,6,4,3,9,Sullust
2024-02-06 19:06:39,732,at-at,empire,1,5,6,1,Cerea
2024-02-06 19:06:38,733,unknown,resistance,10,9,9,3,Dathomir
2024-02-06 19:06:37,734,tie_silencer,empire,9,2,5,5,Mirial
2024-02-06 19:06:36,735,at-at,empire,10,6,9,5,Tholoth
2024-02-06 19:06:35,736,at-st,empire,5,10,5,2,Dorin
2024-02-06 19:06:34,737,at-at,empire,5,8,4,4,Champala
2024-02-06 19:06:33,738,tie_fighter,resistance,1,9,5,4,Champala
2024-02-06 19:06:32,739,tie_silencer,empire,8,5,1,9,Dorin
2024-02-06 19:06:31,740,tie_fighter,resistance,8,1,8,8,Rodia
2024-02-06 19:06:30,741,at-st,empire,10,1,10,6,Sullust
2024-02-06 19:06:29,742,at-at,resistance,2,3,2,6,Serenno
2024-02-06 19:06:28,743,stormtrooper,empire,8,10,6,10,Zolan
2024-02-06 19:06:27,744,stormtrooper,resistance,2,7,6,5,Chandrila
2024-02-06 19:06:26,745,stormtrooper,empire,10,1,10,1,Serenno
2024-02-06 19:06:25,746,at-at,empire,6,1,9,3,Naboo
2024-02-06 19:06:24,747,unknown,resistance,3,3,9,10,Socorro
2024-02-06 19:06:23,748,x-wing,resistance,10,4,7,5,Iridonia
2024-02-06 19:06:22,749,at-at,empire,5,9,9,8,Tund
2024-02-06 19:06:21,750,at-at,empire,7,10,4,5,Concord Dawn
2024-02-06 19:06:20,751,tie_silencer,resistance,8,4,6,9,Naboo
2024-02-06 19:06:19,752,tie_fighter,resistance,8,2,3,2,Aleen Minor
2024-02-06 19:06:18,753,stormtrooper,resistance,9,5,1,1,Eriadu
2024-02-06 19:06:17,754,unknown,resistance,1,6,2,1,Dorin
2024-02-06 19:06:16,755,resistance_soldier,empire,5,5,1,4,Eriadu
2024-02-06 19:06:15,756,unknown,resistance,9,4,4,5,Vulpter
2024-02-06 19:06:14,757,tie_fighter,resistance,5,10,1,2,Kashyyyk
2024-02-06 19:06:13,758,at-st,empire,1,7,7,6,Cerea
2024-02-06 19:06:12,759,at-st,resistance,7,10,3,9,Umbara
2024-02-06 19:06:11,760,x-wing,resistance,6,7,10,3,Haruun Kal
2024-02-06 19:06:10,761,stormtrooper,resistance,1,10,9,8,Ryloth
2024-02-06 19:06:09,762,at-at,empire,7,2,10,9,Mirial
2024-02-06 19:06:08,763,x-wing,resistance,6,2,9,6,Ojom
2024-02-06 19:06:07,764,resistance_soldier,resistance,4,6,10,6,Toydaria
2024-02-06 19:06:06,765,at-at,empire,2,5,3,6,Tatooine
2024-02-06 19:06:05,766,tie_silencer,empire,2,6,10,3,Mirial
2024-02-06 19:06:04,767,unknown,empire,6,7,2,2,Eriadu
2024-02-06 19:06:03,768,tie_silencer,empire,7,10,5,6,Dagobah
2024-02-06 19:06:02,769,tie_fighter,empire,4,9,7,7,Eriadu
2024-02-06 19:06:01,770,tie_silencer,resistance,2,2,4,6,Haruun Kal
2024-02-06 19:06:00,771,stormtrooper,resistance,1,10,10,3,Kalee
2024-02-06 19:05:59,772,unknown,resistance,3,7,7,3,Zolan
2024-02-06 19:05:58,773,resistance_soldier,empire,2,5,2,8,Serenno
2024-02-06 19:05:57,774,resistance_soldier,resistance,8,1,7,9,Alderaan
2024-02-06 19:05:56,775,x-wing,resistance,8,7,6,1,Bestine IV
2024-02-06 19:05:55,776,at-st,empire,5,4,8,6,Troiken
2024-02-06 19:05:54,777,tie_silencer,resistance,10,8,5,10,Chandrila
2024-02-06 19:05:53,778,x-wing,resistance,4,10,7,10,Toydaria
2024-02-06 19:05:52,779,resistance_soldier,resistance,2,7,9,1,Sullust
2024-02-06 19:05:51,780,resistance_soldier,resistance,4,10,9,2,Vulpter
2024-02-06 19:05:50,781,tie_fighter,resistance,3,10,5,1,Aleen Minor
2024-02-06 19:05:49,782,tie_silencer,resistance,8,7,3,9,Shili
2024-02-06 19:05:48,783,resistance_soldier,empire,7,10,8,2,Corellia
2024-02-06 19:05:47,784,tie_fighter,resistance,3,7,4,8,Ryloth
2024-02-06 19:05:46,785,at-st,empire,1,2,4,8,Shili
2024-02-06 19:05:45,786,resistance_soldier,resistance,2,3,6,5,Sullust
2024-02-06 19:05:44,787,tie_fighter,empire,9,9,6,3,Muunilinst
2024-02-06 19:05:43,788,stormtrooper,resistance,6,6,10,6,Iktotch
2024-02-06 19:05:42,789,unknown,empire,5,9,2,10,Mirial
2024-02-06 19:05:41,790,unknown,resistance,4,5,5,10,Chandrila
2024-02-06 19:05:40,791,tie_silencer,resistance,5,7,6,5,Haruun Kal
2024-02-06 19:05:39,792,resistance_soldier,resistance,8,1,2,2,Chandrila
2024-02-06 19:05:38,793,tie_silencer,empire,5,5,8,8,Serenno
2024-02-06 19:05:37,794,tie_fighter,empire,4,5,6,2,Tund
2024-02-06 19:05:36,795,at-at,resistance,7,3,1,2,Troiken
2024-02-06 19:05:35,796,unknown,empire,7,10,1,3,Kalee
2024-02-06 19:05:34,797,stormtrooper,empire,3,5,10,7,Tund
2024-02-06 19:05:33,798,tie_fighter,resistance,6,4,2,4,Shili
2024-02-06 19:05:32,799,unknown,resistance,9,10,3,10,Stewjon
2024-02-06 19:05:31,800,x-wing,empire,10,8,1,5,Tatooine
2024-02-06 19:05:30,801,tie_fighter,empire,4,8,5,7,Troiken
2024-02-06 19:05:29,802,tie_silencer,resistance,3,5,8,8,Tund
2024-02-06 19:05:28,803,at-st,empire,7,1,3,8,Dagobah
2024-02-06 19:05:27,804,tie_silencer,resistance,6,10,2,4,Mirial
2024-02-06 19:05:26,805,at-st,empire,1,4,9,2,Concord Dawn
2024-02-06 19:05:25,806,resistance_soldier,empire,6,5,9,9,Socorro
2024-02-06 19:05:24,807,resistance_soldier,resistance,2,3,10,9,Umbara
2024-02-06 19:05:23,808,resistance_soldier,resistance,7,9,8,6,Naboo
2024-02-06 19:05:22,809,stormtrooper,empire,8,1,2,9,Tatooine
2024-02-06 19:05:21,810,tie_silencer,empire,8,1,10,3,Skako
2024-02-06 19:05:20,811,unknown,empire,5,3,10,7,Dagobah
2024-02-06 19:05:19,812,at-st,empire,7,5,1,5,Muunilinst
2024-02-06 19:05:18,813,tie_fighter,resistance,6,7,5,4,Concord Dawn
2024-02-06 19:05:17,814,x-wing,resistance,10,9,9,6,Naboo
2024-02-06 19:05:16,815,at-at,empire,9,9,8,3,Corellia
2024-02-06 19:05:15,816,unknown,resistance,8,4,4,8,Zolan
2024-02-06 19:05:14,817,at-at,empire,2,1,8,4,Champala
2024-02-06 19:05:13,818,resistance_soldier,empire,6,2,10,1,Troiken
2024-02-06 19:05:12,819,stormtrooper,empire,1,5,8,2,Malastare
2024-02-06 19:05:11,820,tie_fighter,resistance,4,8,6,5,Iktotch
2024-02-06 19:05:10,821,unknown,empire,7,3,6,2,Kalee
2024-02-06 19:05:09,822,resistance_soldier,resistance,2,2,3,4,Rodia
2024-02-06 19:05:08,823,at-st,resistance,6,5,4,10,Shili
2024-02-06 19:05:07,824,resistance_soldier,empire,4,6,7,2,Bestine IV
2024-02-06 19:05:06,825,at-at,resistance,1,9,5,3,Ryloth
2024-02-06 19:05:05,826,resistance_soldier,empire,3,8,1,10,Stewjon
2024-02-06 19:05:04,827,x-wing,empire,10,8,2,4,Iridonia
2024-02-06 19:05:03,828,at-at,resistance,10,3,2,6,Tatooine
2024-02-06 19:05:02,829,stormtrooper,empire,3,1,6,5,Muunilinst
2024-02-06 19:05:01,830,x-wing,resistance,3,2,9,8,Sullust
2024-02-06 19:05:00,831,stormtrooper,empire,1,7,3,9,Serenno
2024-02-06 19:04:59,832,tie_fighter,empire,1,4,1,7,Stewjon
2024-02-06 19:04:58,833,tie_fighter,resistance,6,6,4,9,Zolan
2024-02-06 19:04:57,834,at-at,empire,2,1,6,1,Tholoth
2024-02-06 19:04:56,835,at-st,empire,3,6,7,5,Mirial
2024-02-06 19:04:55,836,x-wing,resistance,3,6,8,4,Vulpter
2024-02-06 19:04:54,837,at-at,empire,4,3,4,6,Stewjon
2024-02-06 19:04:53,838,x-wing,empire,6,2,1,10,Ojom
2024-02-06 19:04:52,839,stormtrooper,empire,3,8,1,10,Bestine IV
2024-02-06 19:04:51,840,tie_silencer,empire,5,9,4,6,Socorro
2024-02-06 19:04:50,841,stormtrooper,empire,2,9,9,8,Zolan
2024-02-06 19:04:49,842,at-st,resistance,6,4,7,5,Mirial
2024-02-06 19:04:48,843,unknown,resistance,10,10,4,10,Corellia
2024-02-06 19:04:47,844,tie_silencer,resistance,8,6,3,10,Bestine IV
2024-02-06 19:04:46,845,stormtrooper,empire,6,3,1,6,Tholoth
2024-02-06 19:04:45,846,tie_fighter,resistance,10,8,4,8,Tatooine
2024-02-06 19:04:44,847,at-at,empire,6,1,3,2,Tholoth
2024-02-06 19:04:43,848,resistance_soldier,resistance,6,7,5,7,Haruun Kal
2024-02-06 19:04:42,849,tie_silencer,empire,5,3,6,5,Skako
2024-02-06 19:04:41,850,tie_fighter,resistance,3,5,4,2,Glee Anselm
2024-02-06 19:04:40,851,stormtrooper,empire,6,3,1,6,Tund
2024-02-06 19:04:39,852,at-st,resistance,8,8,2,10,Socorro
2024-02-06 19:04:38,853,resistance_soldier,resistance,4,2,9,7,Concord Dawn
2024-02-06 19:04:37,854,tie_fighter,empire,7,2,9,10,Dorin
2024-02-06 19:04:36,855,tie_silencer,resistance,9,8,7,2,Alderaan
2024-02-06 19:04:35,856,unknown,resistance,3,5,4,5,Trandosha
2024-02-06 19:04:34,857,stormtrooper,empire,4,5,6,4,Concord Dawn
2024-02-06 19:04:33,858,x-wing,empire,6,5,9,4,Haruun Kal
2024-02-06 19:04:32,859,at-at,resistance,7,8,8,3,Aleen Minor
2024-02-06 19:04:31,860,at-at,resistance,2,4,3,6,Alderaan
2024-02-06 19:04:30,861,tie_silencer,resistance,4,3,4,8,Iktotch
2024-02-06 19:04:29,862,x-wing,resistance,8,6,6,3,Tatooine
2024-02-06 19:04:28,863,at-at,empire,3,1,10,6,Eriadu
2024-02-06 19:04:27,864,at-at,empire,8,8,3,3,Quermia
2024-02-06 19:04:26,865,tie_fighter,resistance,5,6,6,10,Trandosha
2024-02-06 19:04:25,866,unknown,resistance,10,8,9,3,Champala
2024-02-06 19:04:24,867,at-st,resistance,6,2,4,5,Zolan
2024-02-06 19:04:23,868,stormtrooper,empire,2,8,2,6,Toydaria
2024-02-06 19:04:22,869,tie_fighter,resistance,5,4,4,1,Dathomir
2024-02-06 19:04:21,870,tie_fighter,empire,5,3,8,8,Chandrila
2024-02-06 19:04:20,871,unknown,empire,1,5,1,2,Eriadu
2024-02-06 19:04:19,872,tie_silencer,empire,9,3,9,2,Ojom
2024-02-06 19:04:18,873,tie_silencer,empire,8,6,7,7,Serenno
2024-02-06 19:04:17,874,resistance_soldier,empire,7,4,5,6,Corellia
2024-02-06 19:04:16,875,tie_fighter,empire,1,3,3,10,Corellia
2024-02-06 19:04:15,876,x-wing,empire,7,6,2,2,Ojom
2024-02-06 19:04:14,877,unknown,resistance,10,10,8,1,Cerea
2024-02-06 19:04:13,878,unknown,empire,5,5,5,1,Serenno
2024-02-06 19:04:12,879,x-wing,resistance,4,1,10,5,Ryloth
2024-02-06 19:04:11,880,resistance_soldier,empire,10,6,10,3,Malastare
2024-02-06 19:04:10,881,unknown,resistance,5,5,6,1,Kalee
2024-02-06 19:04:09,882,resistance_soldier,empire,5,5,5,4,Tholoth
2024-02-06 19:04:08,883,tie_fighter,resistance,7,2,3,7,Ryloth
2024-02-06 19:04:07,884,resistance_soldier,resistance,3,8,9,2,Troiken
2024-02-06 19:04:06,885,at-st,empire,6,3,7,7,Ryloth
2024-02-06 19:04:05,886,resistance_soldier,empire,5,4,9,1,Quermia
2024-02-06 19:04:04,887,unknown,empire,10,4,6,6,Eriadu
2024-02-06 19:04:03,888,resistance_soldier,resistance,10,5,7,6,Ryloth
2024-02-06 19:04:02,889,unknown,resistance,8,3,6,2,Haruun Kal
2024-02-06 19:04:01,890,tie_fighter,empire,7,2,4,10,Zolan
2024-02-06 19:04:00,891,stormtrooper,resistance,4,4,6,5,Ryloth
2024-02-06 19:03:59,892,tie_fighter,resistance,6,6,9,5,Toydaria
2024-02-06 19:03:58,893,unknown,resistance,7,1,3,1,Zolan
2024-02-06 19:03:57,894,unknown,empire,7,2,6,1,Toydaria
2024-02-06 19:03:56,895,resistance_soldier,resistance,2,4,6,7,Chandrila
2024-02-06 19:03:55,896,unknown,empire,9,7,2,10,Aleen Minor
2024-02-06 19:03:54,897,stormtrooper,resistance,6,1,4,3,Ryloth
2024-02-06 19:03:53,898,at-at,resistance,7,2,1,3,Ojom
2024-02-06 19:03:52,899,tie_silencer,resistance,2,7,8,2,Serenno
2024-02-06 19:03:51,900,resistance_soldier,empire,9,4,5,4,Quermia
2024-02-06 19:03:50,901,x-wing,resistance,8,5,8,1,Socorro
2024-02-06 19:03:49,902,resistance_soldier,resistance,2,10,5,7,Tund
2024-02-06 19:03:48,903,resistance_soldier,resistance,8,5,3,9,Troiken
2024-02-06 19:03:47,904,tie_silencer,empire,1,9,8,5,Corellia
2024-02-06 19:03:46,905,unknown,empire,6,9,5,1,Skako
2024-02-06 19:03:45,906,unknown,empire,7,8,7,6,Tund
2024-02-06 19:03:44,907,at-at,resistance,4,8,5,3,Ryloth
2024-02-06 19:03:43,908,resistance_soldier,empire,10,1,10,2,Aleen Minor
2024-02-06 19:03:42,909,unknown,resistance,4,9,3,7,Haruun Kal
2024-02-06 19:03:41,910,tie_fighter,empire,9,2,1,9,Quermia
2024-02-06 19:03:40,911,unknown,resistance,5,2,4,9,Troiken
2024-02-06 19:03:39,912,at-st,resistance,1,7,1,1,Iktotch
2024-02-06 19:03:38,913,at-st,resistance,3,4,10,8,Iridonia
2024-02-06 19:03:37,914,resistance_soldier,empire,5,7,9,1,Tatooine
2024-02-06 19:03:36,915,x-wing,empire,9,1,1,9,Serenno
2024-02-06 19:03:35,916,at-st,resistance,4,8,7,7,Mon Cala
2024-02-06 19:03:34,917,unknown,resistance,8,3,3,9,Sullust
2024-02-06 19:03:33,918,at-st,empire,6,5,10,3,Trandosha
2024-02-06 19:03:32,919,x-wing,resistance,3,8,8,3,Bestine IV
2024-02-06 19:03:31,920,at-st,empire,8,1,8,2,Troiken
2024-02-06 19:03:30,921,tie_silencer,resistance,10,6,9,6,Cerea
2024-02-06 19:03:29,922,at-st,empire,2,9,6,10,Ojom
2024-02-06 19:03:28,923,unknown,resistance,2,9,1,5,Trandosha
2024-02-06 19:03:27,924,x-wing,empire,1,10,7,1,Socorro
2024-02-06 19:03:26,925,tie_fighter,empire,6,10,2,3,Dathomir
2024-02-06 19:03:25,926,resistance_soldier,empire,1,1,8,8,Concord Dawn
2024-02-06 19:03:24,927,stormtrooper,empire,7,1,10,1,Iktotch
2024-02-06 19:03:23,928,at-at,resistance,5,8,9,5,Ojom
2024-02-06 19:03:22,929,tie_fighter,empire,8,3,4,9,Ojom
2024-02-06 19:03:21,930,resistance_soldier,empire,4,5,6,3,Trandosha
2024-02-06 19:03:20,931,at-st,empire,5,5,9,6,Kalee
2024-02-06 19:03:19,932,at-st,resistance,1,7,8,8,Eriadu
2024-02-06 19:03:18,933,unknown,resistance,4,8,7,3,Bestine IV
2024-02-06 19:03:17,934,at-st,resistance,5,6,3,2,Iktotch
2024-02-06 19:03:16,935,at-st,empire,10,4,7,1,Skako
2024-02-06 19:03:15,936,unknown,resistance,5,7,8,4,Chandrila
2024-02-06 19:03:14,937,tie_silencer,empire,1,1,1,2,Tund
2024-02-06 19:03:13,938,at-at,empire,2,7,9,4,Ojom
2024-02-06 19:03:12,939,at-st,empire,2,4,1,1,Quermia
2024-02-06 19:03:11,940,tie_silencer,resistance,7,9,10,5,Iridonia
2024-02-06 19:03:10,941,x-wing,empire,6,10,1,2,Corellia
2024-02-06 19:03:09,942,stormtrooper,empire,6,4,1,6,Iktotch
2024-02-06 19:03:08,943,unknown,resistance,2,9,3,2,Socorro
2024-02-06 19:03:07,944,resistance_soldier,resistance,10,10,7,6,Naboo
2024-02-06 19:03:06,945,at-at,empire,9,3,2,5,Eriadu
2024-02-06 19:03:05,946,tie_silencer,resistance,1,6,6,4,Zolan
2024-02-06 19:03:04,947,at-st,empire,2,8,7,8,Tund
2024-02-06 19:03:03,948,tie_fighter,empire,5,5,2,1,Rodia
2024-02-06 19:03:02,949,tie_fighter,resistance,1,9,3,10,Iridonia
2024-02-06 19:03:01,950,at-at,resistance,5,10,8,3,Shili
2024-02-06 19:03:00,951,at-at,empire,10,2,3,8,Dagobah
2024-02-06 19:02:59,952,unknown,empire,2,6,5,5,Aleen Minor
2024-02-06 19:02:58,953,resistance_soldier,empire,7,10,7,1,Malastare
2024-02-06 19:02:57,954,unknown,resistance,2,5,4,3,Sullust
2024-02-06 19:02:56,955,at-at,resistance,1,5,9,2,Chandrila
2024-02-06 19:02:55,956,tie_silencer,empire,10,9,3,9,Vulpter
2024-02-06 19:02:54,957,tie_fighter,resistance,2,9,6,3,Kalee
2024-02-06 19:02:53,958,stormtrooper,empire,2,4,3,10,Rodia
2024-02-06 19:02:52,959,unknown,resistance,8,2,8,2,Trandosha
2024-02-06 19:02:51,960,resistance_soldier,resistance,4,1,4,9,Umbara
2024-02-06 19:02:50,961,at-at,empire,10,6,5,7,Dathomir
2024-02-06 19:02:49,962,tie_silencer,empire,8,1,7,4,Zolan
2024-02-06 19:02:48,963,unknown,empire,1,10,4,3,Tund
2024-02-06 19:02:47,964,tie_fighter,resistance,5,1,9,7,Stewjon
2024-02-06 19:02:46,965,stormtrooper,empire,2,1,5,9,Muunilinst
2024-02-06 19:02:45,966,x-wing,empire,8,1,10,5,Ryloth
2024-02-06 19:02:44,967,at-st,resistance,10,3,1,1,Serenno
2024-02-06 19:02:43,968,stormtrooper,resistance,10,4,2,10,Vulpter
2024-02-06 19:02:42,969,tie_fighter,empire,2,6,6,9,Vulpter
2024-02-06 19:02:41,970,at-at,empire,10,1,2,1,Dagobah
2024-02-06 19:02:40,971,tie_fighter,resistance,5,6,4,7,Glee Anselm
2024-02-06 19:02:39,972,tie_fighter,resistance,10,4,6,3,Eriadu
2024-02-06 19:02:38,973,resistance_soldier,resistance,3,3,5,1,Rodia
2024-02-06 19:02:37,974,x-wing,resistance,8,7,4,4,Alderaan
2024-02-06 19:02:36,975,stormtrooper,resistance,3,5,7,8,Bestine IV
2024-02-06 19:02:35,976,x-wing,resistance,9,9,9,2,Bestine IV
2024-02-06 19:02:34,977,at-st,resistance,7,9,1,4,Champala
2024-02-06 19:02:33,978,resistance_soldier,empire,7,9,4,9,Kalee
2024-02-06 19:02:32,979,stormtrooper,empire,5,10,10,2,Kalee
2024-02-06 19:02:31,980,x-wing,resistance,5,3,8,1,Quermia
2024-02-06 19:02:30,981,unknown,empire,7,6,5,3,Dagobah
2024-02-06 19:02:29,982,at-st,empire,10,5,5,9,Eriadu
2024-02-06 19:02:28,983,at-st,empire,8,5,1,8,Corellia
2024-02-06 19:02:27,984,x-wing,resistance,9,3,6,4,Naboo
2024-02-06 19:02:26,985,at-at,resistance,2,6,9,2,Mon Cala
2024-02-06 19:02:25,986,resistance_soldier,empire,1,4,4,9,Corellia
2024-02-06 19:02:24,987,at-at,empire,9,2,5,10,Umbara
2024-02-06 19:02:23,988,resistance_soldier,empire,9,10,5,9,Trandosha
2024-02-06 19:02:22,989,tie_fighter,resistance,1,10,5,1,Umbara
2024-02-06 19:02:21,990,stormtrooper,resistance,2,2,9,8,Haruun Kal
2024-02-06 19:02:20,991,tie_fighter,resistance,5,2,4,5,Iridonia
2024-02-06 19:02:19,992,tie_fighter,resistance,10,3,7,2,Naboo
2024-02-06 19:02:18,993,x-wing,empire,4,9,3,1,Skako
2024-02-06 19:02:17,994,stormtrooper,empire,1,2,4,2,Chandrila
2024-02-06 19:02:16,995,at-st,resistance,3,3,2,6,Kalee
2024-02-06 19:02:15,996,resistance_soldier,resistance,4,7,7,9,Iridonia
2024-02-06 19:02:14,997,resistance_soldier,empire,10,5,2,7,Tund
2024-02-06 19:02:13,998,tie_fighter,resistance,10,7,3,9,Kashyyyk
2024-02-06 19:02:12,999,at-at,resistance,2,1,4,10,Shili
2024-02-06 19:02:11,1000,tie_fighter,empire,5,4,5,5,Umbara
